{"format": "linear_svc_binary_v1", "feature": "cross", "class_names": ["absent", "present"], "positive_class_index": 1, "negative_class_index": 0, "present_index": 1, "absent_index": 0, "feature_dim": 33, "scaler": {"mean": [-0.0919702545995151, 1.3641288928218134, 0.06655348117422283, -0.4077134174774084, -0.5424911619273857, 0.05283521961174436, -0.4285239589439903, -1.2314664151718622, -0.04925202765549465, -0.43882164128556966, -1.6653192874224674, -0.11511552169373661, -0.43857084247997286, -2.0379460269930356, -0.1633988370335345, -0.09356647787197733, -0.5148054013990468, 0.027031052824617964, -0.0775451041366326, -1.2892694794529316, -0.11706437026614346, -0.1330451692085599, -1.7690678455894566, -0.212914533755107, -0.1699150776861481, -2.158797778317774, -0.25787352547003045, 0.1824509207307239, -0.3117756088531347, -0.03657003432701298, 0.4107992143449032, 0.004943267191251671, -0.10984971532766624], "scale": [0.03471733840208781, 0.09603569541421746, 0.02227568462386047, 0.01864553072547767, 0.017188475892455323, 0.013927070330975296, 0.06640091245543556, 0.03928412203034533, 0.01913377393500598, 0.10887720912958325, 0.06512064049322261, 0.023472398762545366, 0.14245527200963523, 0.08435131963357811, 0.026194752074212648, 0.021651062723568378, 0.021522487009981803, 0.009396554881863185, 0.058054060440278665, 0.03610718762635349, 0.021362276322085122, 0.10646270037870664, 0.06048923407070853, 0.032917967530535615, 0.1533963004287708, 0.09466088254612232, 0.040163945482093066, 0.009585505067076231, 0.034774518121984656, 0.005581252249640326, 0.015469662426726162, 0.04275069520012271, 0.012297879451521101]}, "svm": {"coef": [0.061976789580301804, 0.37849910158809097, -0.20258698973474132, -0.1120257828264741, -0.162732534679424, 0.16860915781417962, 0.04812081926689793, 0.23413574033012896, 0.03786698313503435, 0.10328003574175348, 0.06689860769445014, -0.13940982886262598, 0.054233497408060216, 0.007947541729686682, -0.3008025860968002, -0.14898199096563464, -0.4372303041305347, 0.12911181724008539, 0.07660700413513899, -0.1331600655300119, -0.00504072234110978, -0.06527303644335615, 0.10554786684555853, 0.1095118401346806, -0.1786576253373868, 0.19334283706171898, 0.10375074159932954, 0.2350586261110254, -0.42687338374339995, 0.0781316302199271, 0.058802579097881, -0.21747740601089147, 0.04196985773985932], "intercept": 0.3135692680923846}}