{"format": "linear_svc_binary_v1", "feature": "thumb", "class_names": ["absent", "present"], "positive_class_index": 1, "negative_class_index": 0, "present_index": 1, "absent_index": 0, "feature_dim": 45, "scaler": {"mean": [-0.1073333777772581, 1.396893021250991, 0.08236266976001545, -0.6367063644759788, 0.9017726105533679, -0.0895256155650654, -0.8625740596182465, 0.1390168074100961, -0.12267443624007796, -0.7913593185530753, -0.40675618832521293, -0.1733125266261693, -0.6659925275224408, -0.6388891272684377, -0.22009246507894958, -0.41286679802385495, -0.5087934465628088, 0.061994661275426806, -0.11006648203185238, -0.5106030480663553, 0.022911845609819844, 0.178376462844509, -0.33264065667506476, -0.045565543042582396, 0.14271648745832113, -0.8536276891478003, -0.3876047452991518, -0.07643705598441804, -0.37204962043677764, -0.4554818864848081, -0.1937252409227302, 0.04358522291578252, -0.3886102723817304, 0.4518901981933225, -0.04485587621227071, -0.12170363735873886, 0.3498801952959532, -0.4870534885555745, -0.40099840151464344, 0.09158422343669945, -0.1873136547051181, -0.4124636600287108, -0.0717099239988068, 0.15430554823751078, -0.3479681358596137], "scale": [0.023704232802219043, 0.08002021300754596, 0.04627934734277693, 0.030658905297901898, 0.09222665874013747, 0.04343883969403099, 0.07539401000510454, 0.0659603859700014, 0.03976574355914104, 0.3707958014902768, 0.09823588092876556, 0.04400549595487775, 0.6727132200537738, 0.29960154059179744, 0.061238945157143385, 0.016314563390917056, 0.014751315229881354, 0.029914289443669025, 0.0068425754525426085, 0.022659617880110786, 0.015714854454791493, 0.004707267231233277, 0.0270811021626675, 0.011483218457353232, 0.06933763165387012, 0.07081016509837489, 0.03209358156757923, 0.04369346083282718, 0.08012939110972399, 0.026533292443119735, 0.032160085347800224, 0.07527385657613721, 0.01921154218198475, 0.008758909247548382, 0.02677963256197745, 0.0189023027599042, 0.10560580542730591, 0.11259964842817662, 0.027905926633124453, 0.09059677683779489, 0.17335467719709785, 0.03306236850409252, 0.05375486934532479, 0.18928399127935286, 0.03491318623402379]}, "svm": {"coef": [0.02553297042354302, 0.01045902568911626, 0.06083595875965386, 0.01419367206873611, 0.06597002762212206, -0.04956556145508014, 0.13558700075323316, -0.020155497660065212, -0.07045910369531769, 0.18426152400899234, 0.049321267176997786, -0.03415901583797925, 0.1886760846022741, 0.16380316622400198, -0.00035421361396345585, -0.06877660416043997, 0.019400447281124562, -0.0770548116797675, 0.10364812481995941, 0.006490104345257895, -0.05772892732612368, -0.019954683822901144, -0.03055060366378987, -0.006038892694647205, -0.0078863773004146, -0.0782101513757157, 0.041941957636531566, -0.03241735442688368, -0.04759018528080122, 0.019769672454734422, 0.11908638132540646, -0.03575817654812004, -0.016275457054359312, -0.01124293663679471, -0.01653640803584185, 0.02466061670533595, -0.05955327220095148, 0.00880123868338594, 0.023334123081108774, -0.07814102780965859, 0.03571590625083829, 0.006048322261341943, -0.04151532083310321, 0.06641101887407086, -0.026823099038218716], "intercept": 0.008151455999243159}}