{"format": "linear_svc_binary_v1", "feature": "tuck", "class_names": ["absent", "present"], "positive_class_index": 1, "negative_class_index": 0, "present_index": 1, "absent_index": 0, "feature_dim": 33, "scaler": {"mean": [-0.05935983557405373, 1.4124508533588134, 0.10595560834353022, -0.42938404230148286, -0.4973011085423396, 0.02820158212932594, -0.1272757088757281, -0.5153494093357827, 0.013890523442550477, 0.16526193741353928, -0.3445408110059447, -0.03916276668141984, 0.184116776511793, -0.9929956474040269, -0.3440454372280497, 0.03288507685394298, -0.8842007021630677, -0.44772393977487057, -0.08470226786448143, -0.7832171680619681, -0.4453819971067246, 0.45075766329305716, -0.0552595143926597, -0.10888494997434509, 0.41493545659441916, -0.5258894847217358, -0.3847463268479598, 0.26701259374795544, -0.5137028237259735, -0.4593777326749444, 0.15207780557525732, -0.48370167930942043, -0.4616057111271864], "scale": [0.0458974915724817, 0.09507116957157734, 0.026620330006936775, 0.032131895584137496, 0.03858693380656614, 0.01302739908654664, 0.013568188459065328, 0.01926871960443682, 0.007285583961388382, 0.010882835146379815, 0.04449633434338837, 0.010960561159776077, 0.07840588391481451, 0.1541481591630805, 0.10885915540175098, 0.1793786584392852, 0.569654575420077, 0.08439353226022346, 0.25017492835967997, 0.9462327277570909, 0.04672415326190795, 0.014648388884359922, 0.06039537510995709, 0.018886697902366283, 0.12962236172920644, 0.14786685209343528, 0.0753138186533484, 0.2641297222626029, 0.4595509634716557, 0.060425680476799186, 0.35523577964078745, 0.7655699572251465, 0.05799899081805976]}, "svm": {"coef": [-0.1875223216105304, -0.11830088230453806, -0.13843843910940773, 0.13766884809907537, 0.06085628099616914, 0.09505565405400529, 0.14224192131955532, 0.1322749528628511, -0.07875360119329916, 0.020719488687545674, 0.00823762493630649, -0.024501393238435476, -0.032456528893092196, -0.12653087015364908, -0.1990878134889494, -0.1686107811564883, 0.16245551280700798, -0.16225610823700598, -0.141026007915198, 0.2065008126359021, 0.08781567715883654, 0.13841286917312629, 0.09906999528533227, 0.17414724861829806, -0.09296426661443138, 0.1090954565906691, -0.14898397217601797, -0.15836867806525562, 0.17163926219304967, -0.09904329428161673, -0.14225607169560817, 0.1965360437072451, 0.06489659706410467], "intercept": 0.06320014072162905}}