{"format": "linear_svc_binary_v1", "feature": "vertical", "class_names": ["absent", "present"], "positive_class_index": 1, "negative_class_index": 0, "present_index": 1, "absent_index": 0, "feature_dim": 33, "scaler": {"mean": [0.0012110169356137367, 1.2911756040121571, 0.06592857749637153, -0.44525195666005873, -0.464545783411974, 0.03839780514567871, -0.5370907963923616, -1.0313150513363483, -0.11164807504022835, -0.6038335637090011, -1.248680262988211, -0.2034281717705302, -0.6509545615770895, -1.45431893872632, -0.25713959196809905, -0.1421865864779699, -0.470691921520882, 0.02265132729726113, -0.19636266833073843, -1.1637101901509257, -0.17115413283339437, -0.3044373532843073, -1.335813933721531, -0.2661635198317257, -0.368844543869652, -1.5383834994742673, -0.2944897507196806, 0.1538643844618052, -0.3101407117044601, -0.031691759579585276, 0.43236314023364614, -0.04579719943767366, -0.09528595081406054], "scale": [0.11782340959429219, 0.08046855148284801, 0.07149330331670462, 0.05678696608471085, 0.07852836292564969, 0.019156662246125937, 0.10597137171670679, 0.22194607441794953, 0.05783098887657968, 0.14879170163906183, 0.5265534247761147, 0.0635577402149323, 0.21058434956251385, 0.7606379090094766, 0.05725542928641447, 0.0554004311445764, 0.047905643303483764, 0.01605312410637442, 0.1289196881728385, 0.218004083647529, 0.054473081877209235, 0.16165932864773738, 0.6129692556667391, 0.061994830791968866, 0.2185351549172513, 0.8339768270730586, 0.06676555231641249, 0.03090023968281631, 0.03265635156349475, 0.023221996339937385, 0.029673113294757827, 0.0912686784108361, 0.035716198827625695]}, "svm": {"coef": [0.03069412365949383, -0.00910923659249439, 0.07757530514765847, 0.0005887881028395969, -0.0685016440680154, -0.14371995357359565, 0.03341427819251662, -0.1650618217474589, 0.005248449207518917, 0.02390224125376054, -0.17879150951091513, 0.026110533535218198, 0.018541239867344707, -0.1782956687792219, -0.0022541652377399165, 0.018674689036591967, -0.12817098544352978, -0.05459797542626257, -0.003968523235888473, -0.20614251780835025, 0.07743100381191236, -0.03249909575908875, -0.18331583924656422, 0.051776530293716844, -0.0569767606443824, -0.1772917547738633, -0.005190412102876222, -0.01700118888330354, -0.01509782143683637, -0.02669245380156575, -0.14016639378491627, 0.1396478169336891, -0.036303864435004926], "intercept": 0.20053751240789916}}